{
 "seed": 42,
 "generatedAt": "2026-07-11T09:29:45.101Z",
 "note": "探针只用题面文字，不看命盘；acc显著高于chance即题面漏答案。位置偏置(pos_*)在线上因选项重映射已消除，此处报原始数据用于证明必要性。",
 "splits": {
  "train": {
   "n": 64,
   "chance": 0.23125,
   "probes": {
    "longest": {
     "top1": 0.25,
     "ci95": {
      "lo": 0.16923076923076924,
      "hi": 0.3333333333333333
     },
     "leaks": false
    },
    "shortest": {
     "top1": 0.25,
     "ci95": {
      "lo": 0.16417910447761194,
      "hi": 0.3484848484848485
     },
     "leaks": false
    },
    "most_numeric": {
     "top1": 0.234375,
     "ci95": {
      "lo": 0.1506849315068493,
      "hi": 0.3181818181818182
     },
     "leaks": false
    }
   },
   "position_bias_max": 0.25
  },
  "dev": {
   "n": 120,
   "chance": 0.25,
   "probes": {
    "longest": {
     "top1": 0.30833333333333335,
     "ci95": {
      "lo": 0.23423423423423423,
      "hi": 0.384
     },
     "leaks": false
    },
    "shortest": {
     "top1": 0.225,
     "ci95": {
      "lo": 0.16101694915254236,
      "hi": 0.2975206611570248
     },
     "leaks": false
    },
    "most_numeric": {
     "top1": 0.2833333333333333,
     "ci95": {
      "lo": 0.21367521367521367,
      "hi": 0.35772357723577236
     },
     "leaks": false
    }
   },
   "position_bias_max": 0.2916666666666667
  },
  "holdout": {
   "n": 80,
   "chance": 0.25,
   "probes": {
    "longest": {
     "top1": 0.2625,
     "ci95": {
      "lo": 0.175,
      "hi": 0.35
     },
     "leaks": false
    },
    "shortest": {
     "top1": 0.225,
     "ci95": {
      "lo": 0.125,
      "hi": 0.35
     },
     "leaks": false
    },
    "most_numeric": {
     "top1": 0.275,
     "ci95": {
      "lo": 0.1875,
      "hi": 0.3625
     },
     "leaks": false
    }
   },
   "position_bias_max": 0.325
  }
 }
}