{
 "seed": 42,
 "generatedAt": "2026-07-13T17:07:07.457Z",
 "note": "探针只用题面文字，不看命盘；acc显著高于chance即题面漏答案。位置偏置(pos_*)在线上因选项重映射已消除，此处报原始数据用于证明必要性。",
 "splits": {
  "train": {
   "n": 95,
   "chance": 0.2373684210526316,
   "probes": {
    "longest": {
     "top1": 0.2631578947368421,
     "ci95": {
      "lo": 0.19047619047619047,
      "hi": 0.33695652173913043
     },
     "leaks": false
    },
    "shortest": {
     "top1": 0.24210526315789474,
     "ci95": {
      "lo": 0.16842105263157894,
      "hi": 0.3229166666666667
     },
     "leaks": false
    },
    "most_numeric": {
     "top1": 0.24210526315789474,
     "ci95": {
      "lo": 0.1702127659574468,
      "hi": 0.31521739130434784
     },
     "leaks": false
    }
   },
   "position_bias_max": 0.2736842105263158
  },
  "dev": {
   "n": 120,
   "chance": 0.25,
   "probes": {
    "longest": {
     "top1": 0.30833333333333335,
     "ci95": {
      "lo": 0.23529411764705882,
      "hi": 0.38461538461538464
     },
     "leaks": false
    },
    "shortest": {
     "top1": 0.19166666666666668,
     "ci95": {
      "lo": 0.12295081967213115,
      "hi": 0.2644628099173554
     },
     "leaks": false
    },
    "most_numeric": {
     "top1": 0.275,
     "ci95": {
      "lo": 0.19166666666666668,
      "hi": 0.36065573770491804
     },
     "leaks": false
    }
   },
   "position_bias_max": 0.2916666666666667
  },
  "holdout": {
   "n": 80,
   "chance": 0.25,
   "probes": {
    "longest": {
     "top1": 0.3,
     "ci95": {
      "lo": 0.2,
      "hi": 0.4
     },
     "leaks": false
    },
    "shortest": {
     "top1": 0.2875,
     "ci95": {
      "lo": 0.175,
      "hi": 0.4125
     },
     "leaks": false
    },
    "most_numeric": {
     "top1": 0.3,
     "ci95": {
      "lo": 0.2,
      "hi": 0.4
     },
     "leaks": false
    }
   },
   "position_bias_max": 0.325
  }
 }
}