{
 "seed": 42,
 "generatedAt": "2026-07-13T16:43:28.651Z",
 "note": "探针只用题面文字，不看命盘；acc显著高于chance即题面漏答案。位置偏置(pos_*)在线上因选项重映射已消除，此处报原始数据用于证明必要性。",
 "splits": {
  "train": {
   "n": 64,
   "chance": 0.23125,
   "probes": {
    "longest": {
     "top1": 0.234375,
     "ci95": {
      "lo": 0.14925373134328357,
      "hi": 0.3125
     },
     "leaks": false
    },
    "shortest": {
     "top1": 0.234375,
     "ci95": {
      "lo": 0.14285714285714285,
      "hi": 0.328125
     },
     "leaks": false
    },
    "most_numeric": {
     "top1": 0.21875,
     "ci95": {
      "lo": 0.13333333333333333,
      "hi": 0.296875
     },
     "leaks": false
    }
   },
   "position_bias_max": 0.25
  },
  "dev": {
   "n": 120,
   "chance": 0.25,
   "probes": {
    "longest": {
     "top1": 0.30833333333333335,
     "ci95": {
      "lo": 0.23529411764705882,
      "hi": 0.38461538461538464
     },
     "leaks": false
    },
    "shortest": {
     "top1": 0.19166666666666668,
     "ci95": {
      "lo": 0.12295081967213115,
      "hi": 0.2644628099173554
     },
     "leaks": false
    },
    "most_numeric": {
     "top1": 0.275,
     "ci95": {
      "lo": 0.19166666666666668,
      "hi": 0.36065573770491804
     },
     "leaks": false
    }
   },
   "position_bias_max": 0.2916666666666667
  },
  "holdout": {
   "n": 80,
   "chance": 0.25,
   "probes": {
    "longest": {
     "top1": 0.3,
     "ci95": {
      "lo": 0.2,
      "hi": 0.4
     },
     "leaks": false
    },
    "shortest": {
     "top1": 0.2875,
     "ci95": {
      "lo": 0.175,
      "hi": 0.4125
     },
     "leaks": false
    },
    "most_numeric": {
     "top1": 0.3,
     "ci95": {
      "lo": 0.2,
      "hi": 0.4
     },
     "leaks": false
    }
   },
   "position_bias_max": 0.325
  }
 }
}